Id,Name,Authors,Rating,pagesNumber,PublishYear,PublishMonth,PublishDay,Publisher,Language
1,"Harry Potter and the Half-Blood Prince (Harry Potter, #6)",J.K. Rowling,4.57,652,2006,16,9,Scholastic Inc.,eng
2,"Harry Potter and the Order of the Phoenix (Harry Potter, #5)",J.K. Rowling,4.5,870,2004,1,9,Scholastic Inc.,eng
3,"Harry Potter and the Sorcerer's Stone (Harry Potter, #1)",J.K. Rowling,4.47,309,2003,1,11,Scholastic Inc,eng
4,"Harry Potter and the Chamber of Secrets (Harry Potter, #2)",J.K. Rowling,4.42,352,2003,1,11,Scholastic,eng
5,"Harry Potter and the Prisoner of Azkaban (Harry Potter, #3)",J.K. Rowling,4.57,435,2004,1,5,Scholastic Inc.,eng
6,"Harry Potter and the Goblet of Fire (Harry Potter, #4)",J.K. Rowling,4.5600000000000005,734,2002,28,9,Scholastic,eng
8,"Harry Potter Boxed Set, Books 1-5 (Harry Potter, #1-5)",J.K. Rowling,4.78,2690,2004,13,9,Scholastic,eng
9,"Unauthorized Harry Potter Book Seven News: ""Half-Blood Prince"" Analysis and Speculation",W. Frederick Zimmerman,3.79,152,2005,26,4,Nimble Books,en-US
10,"Harry Potter Collection (Harry Potter, #1-6)",J.K. Rowling,4.73,3342,2005,12,9,Scholastic,eng
12,"The Ultimate Hitchhiker's Guide: Five Complete Novels and One Story (Hitchhiker's Guide to the Galaxy, #1-5)",Douglas Adams,4.37,815,2005,1,11,Gramercy Books,eng
13,"The Ultimate Hitchhiker's Guide to the Galaxy (Hitchhiker's Guide to the Galaxy, #1-5)",Douglas Adams,4.37,815,2002,30,4,Del Rey Books,eng
14,"The Hitchhiker's Guide to the Galaxy (Hitchhiker's Guide to the Galaxy, #1)",Douglas Adams,4.22,215,2004,3,8,Crown,eng
18,"The Ultimate Hitchhiker's Guide (Hitchhiker's Guide to the Galaxy, #1-5)",Douglas Adams,4.37,815,1996,17,1,Wings Books,eng
21,A Short History of Nearly Everything,Bill Bryson,4.21,544,2004,14,9,Broadway Books,eng
22,Bill Bryson's African Diary,Bill Bryson,3.45,55,2002,3,12,Broadway Books,eng
23,Bryson's Dictionary of Troublesome Words: A Writer's Guide to Getting It Right,Bill Bryson,3.88,256,2004,14,9,Broadway Books,eng
24,In a Sunburned Country,Bill Bryson,4.07,335,2001,15,5,Broadway Books,eng
25,I'm a Stranger Here Myself: Notes on Returning to America After Twenty Years Away,Bill Bryson,3.9,304,2000,28,6,Broadway Books,eng
26,The Lost Continent: Travels in Small Town America,Bill Bryson,3.83,299,1990,28,8,William Morrow Paperbacks,eng
27,Neither Here nor There: Travels in Europe,Bill Bryson,3.86,254,1993,28,3,William Morrow Paperbacks,eng
28,Notes from a Small Island,Bill Bryson,3.92,324,1997,28,5,William Morrow Paperbacks,eng
29,The Mother Tongue: English and How It Got That Way,Bill Bryson,3.93,270,1991,28,9,William Morrow Paperbacks,eng
30,J.R.R. Tolkien 4-Book Boxed Set: The Hobbit and The Lord of the Rings,J.R.R. Tolkien,4.6,1728,2012,25,9,Ballantine Books,eng
31,"The Lord of the Rings (The Lord of the Rings, #1-3)",J.R.R. Tolkien,4.5,1184,2004,21,10,Houghton Mifflin Harcourt,eng
34,"The Fellowship of the Ring (The Lord of the Rings, #1)",J.R.R. Tolkien,4.36,398,2003,5,9,Houghton Mifflin Harcourt,eng
36,The Lord of the Rings: Weapons and Warfare,Chris   Smith,4.53,218,2003,5,11,Houghton Mifflin Harcourt,eng
37,The Lord of the Rings: Complete Visual Companion,Jude Fisher,4.5,224,2004,15,11,Houghton Mifflin Harcourt,eng
38,The Lord of the Rings Box Set,J.R.R. Tolkien,4.5,1223,2001,19,9,Unknown Publisher,eng
45,Agile Web Development with Rails: A Pragmatic Guide,Dave Thomas,3.84,558,2005,28,7,Pragmatic Bookshelf,eng
46,Ruby Quickly: Ruby and Rails for the Real World,Mark   Watson,3.4,360,2006,1,8,Manning Publications,Unknown Language
50,"Hatchet (Brian's Saga, #1)",Gary Paulsen,3.72,208,2000,1,4,Atheneum Books for Young Readers: Richard Jackson Books,eng
51,"Hatchet: A Guide for Using ""Hatchet"" in the Classroom",Donna Ickes,4.0,48,1994,28,8,Teacher Created Resources,eng
53,Guts: The True Stories behind Hatchet and the Brian Books,Gary Paulsen,3.88,144,2001,23,1,Delacorte Press,eng
54,Molly Hatchet - 5 of the Best,Molly Hatchet,4.33,56,2003,10,6,Cherry Lane Music Company,eng
55,Hatchet Jobs: Writings on Contemporary Fiction,Dale Peck,3.46,228,2005,1,11,The New Press,en-US
56,The Woodsman and His Hatchet: Eighty Years on Back Country Survival,Bud Cheff Sr.,3.6,150,1996,1,10,Stoneydale Press,Unknown Language
57,A Changeling for All Seasons (Changeling Seasons #1),Angela Knight,3.76,304,2005,1,11,Changeling Press,eng
58,"Changeling (Changeling, #1)",Delia Sherman,3.6,256,2006,17,8,Viking Juvenile,eng
59,The Changeling Sea,Patricia A. McKillip,4.06,137,2003,14,4,Firebird,eng
61,The Changeling,Zilpha Keatley Snyder,4.17,228,2004,8,6,iUniverse,eng
65,"Shadows in the Starlight (Changeling Detective, #2)",Elaine Cunningham,3.68,288,2007,6,2,Tor Books,Unknown Language
66,"The Changeling (Daughters of England, #15)",Philippa Carr,3.98,369,1990,28,8,Ivy Books,eng
67,The Known World,Edward P. Jones,3.83,388,2006,29,8,Amistad,eng
71,"Traders, Guns & Money: Knowns and Unknowns in the Dazzling World of Derivatives",Satyajit Das,3.83,334,2006,15,5,FT Press,eng
72,Artesia: Adventures in the Known World,Mark Smylie,4.13,352,2005,14,12,Archaia,eng
74,"The John McPhee Reader (John McPhee Reader, #1)",John McPhee,4.42,416,1982,1,6,"Farrar, Straus and Giroux",eng
75,Uncommon Carriers,John McPhee,3.95,248,2006,16,5,Farrar Straus Giroux,en-US
76,Heirs of General Practice,John McPhee,4.16,128,1986,1,4,"Farrar, Straus and Giroux",eng
77,The Control of Nature,John McPhee,4.24,288,1990,1,9,"Farrar, Straus and Giroux",en-US
78,Annals of the Former World,John McPhee,4.34,720,1999,6,1,"Farrar, Straus and Giroux",eng
79,Coming Into the Country,John McPhee,4.22,448,1991,1,4,"Farrar, Straus and Giroux",eng
80,La Place de la Concorde Suisse,John McPhee,3.92,160,1994,1,4,"Farrar, Straus and Giroux",fre
81,Giving Good Weight,John McPhee,4.22,288,1994,1,4,"Farrar, Straus and Giroux",eng
82,"The Second John McPhee Reader (John McPhee Reader, #2)",John McPhee,4.37,393,1996,28,2,"Farrar, Straus and Giroux",Unknown Language
83,Rising from the Plains,John McPhee,4.23,208,1987,1,11,"Farrar, Straus and Giroux",eng
85,The Heidi Chronicles,Wendy Wasserstein,3.75,81,2002,1,3,Dramatists Play Service,eng
86,The Heidi Chronicles: Uncommon Women and Others & Isn't It Romantic,Wendy Wasserstein,3.84,249,1991,2,7,Vintage,eng
89,"Active Literacy Across the Curriculum: Strategies for Reading, Writing, Speaking, and Listening",Heidi Hayes Jacobs,3.94,138,2006,29,3,Routledge,eng
90,Simply Beautiful Beaded Jewelry,Heidi Boyd,3.77,128,2006,14,3,North Light Books,en-US
91,Always Enough: God's Miraculous Provision Among the Poorest Children on Earth,Heidi Baker,4.46,192,2003,1,9,Chosen Books,eng
92,Mapping the Big Picture: Integrating Curriculum & Assessment K-12,Heidi Hayes Jacobs,3.66,108,1997,28,1,Association for Supervision & Curriculum Development,en-US
93,"Heidi (Heidi, #1-2)",Johanna Spyri,3.99,352,2002,15,11,Kingfisher,eng
94,Getting Results with Curriculum Mapping,Heidi Hayes Jacobs,3.25,192,2004,15,11,ASCD,eng
95,"Cinnamon and Roses (Rose Trilogy, #1)",Heidi Betts,3.83,298,2000,1,1,Leisure Books,Unknown Language
96,There's Always Enough: The Miraculous Move of God in Mozambique,Rolland Baker,4.46,192,2003,28,4,Sovereign World,eng
98,What to Expect the First Year (What to Expect),Heidi Murkoff,3.89,832,2003,16,10,Workman Publishing Company,eng
99,The Player's Handbook: The Ultimate Guide on Dating and Relationships,Heidi Fleiss,3.82,123,2004,10,5,One Hour Entertainment,eng
100,Simply Beautiful Beading: 53 Quick and Easy Projects,Heidi Boyd,3.78,128,2004,19,8,North Light Books,en-US
101,Chasing Jordan,Heidi W. Boehringer,3.44,240,2005,11,7,Serpent's Tail,Unknown Language
102,Seven-Year Seduction,Heidi Betts,3.61,184,2006,14,2,Silhouette Desire,Unknown Language
103,"God Emperor of Dune (Dune Chronicles, #4)",Frank Herbert,3.85,423,1987,15,6,Ace Books,eng
104,"Dune (Dune Chronicles, #1)",Frank Herbert,4.23,528,2005,2,8,Ace Books,eng
105,Chapterhouse: Dune (Dune Chronicles #6),Frank Herbert,3.91,436,1987,1,7,Ace Books,eng
106,Dune Messiah (Dune Chronicles #2),Frank Herbert,3.88,331,1987,15,7,Ace Books,eng
107,Dreamer of Dune: The Biography of Frank Herbert,Brian Herbert,4.01,592,2004,1,7,Tor Books,en-US
108,The Secrets of Frank Herbert's Dune,James Van Hise,3.52,160,2000,31,10,iBooks,Unknown Language
109,"Heretics of Dune (Dune Chronicles, #5)",Frank Herbert,3.86,480,1984,16,4,Putnam,eng
110,The Road to Dune,Frank Herbert,3.88,426,2006,29,8,Tor Science Fiction,eng
112,Children of Dune (Dune Chronicles #3),Frank Herbert,3.93,408,1987,15,5,Ace Books,eng
117,Heretics of Dune (Dune Chronicles #5),Frank Herbert,3.86,471,1987,15,8,Ace Books,eng
119,The Lord of the Rings: The Art of the Fellowship of the Ring,Gary Russell,4.6,192,2002,12,6,Houghton Mifflin Harcourt,eng
121,The Patriarch: The Rise and Fall of the Bingham Dynasty,Susan E. Tifft,3.67,576,1993,1,2,Touchstone,Unknown Language
122,"The Power of One (The Power of One, #1)",Bryce Courtenay,4.35,544,1996,29,9,Ballantine Books,eng
125,The Power of One: Daisy Bates and the Little Rock Nine,Dennis Brindell Fradin,4.41,192,2004,20,12,Clarion Books,Unknown Language
128,The Power of One Christlike Life,Francis Frangipane,4.22,159,2000,1,7,Whitaker House,Unknown Language
129,"The Power of One: One Person, One Rule, One Month",John C. Maxwell,4.22,256,2004,1,11,Thomas Nelson,en-US
130,Power of an Hour: Business and Life Mastery in One Hour a Week,Dave Lakhani,3.34,205,2006,19,5,Wiley,eng
131,"The Power of One: The Solo Play for Playwrights, Actors, and Directors",Louis E. Catron,3.67,240,2000,7,2,Heinemann Drama,eng
132,"How to Buy, Sell & Profit on eBay: Kick-Start Your Home-Based Business in Just Thirty Days",Adam Ginsberg,3.48,336,2005,3,5,William Morrow Paperbacks,eng
133,eBay for Dummies,Marsha Collier,3.51,386,2006,30,10,Wiley,eng
134,eBay PowerSeller Secrets: Insider Tips from eBay's Most Successful Sellers,Debra Schepp,3.59,385,2004,24,9,McGraw-Hill/Osborne,Unknown Language
135,What to Sell on ebay and Where to Get It: The Definitive Guide to Product Sourcing for eBay and Beyond,Chris Malta,3.62,260,2006,24,1,McGraw-Hill,eng
137,Starting an eBay Business for Dummies,Marsha Collier,3.55,384,2004,17,9,Wiley,eng
138,eBay: Top 100 Simplified Tips & Tricks,Julia Wilkinson,4.27,260,2006,6,6,Wiley,eng
139,ebay Timesaving Techniques for Dummies,Marsha Collier,3.39,391,2004,31,5,Wiley,en-US
140,eBay Business All-in-One Desk Reference for Dummies,Marsha Collier,3.89,864,2005,25,4,Wiley,en-US
141,Ruby Cookbook,Lucas Carlson,3.83,873,2006,29,7,O'Reilly Media,eng
142,Ruby Ann's Down Home Trailer Park Cookbook,Ruby Ann Boxcar,4.12,240,2005,3,5,Citadel,eng
144,Ruby Ann's Down Home Trailer Park BBQin' Cookbook,Ruby Ann Boxcar,4.08,206,2005,3,5,Citadel,eng
146,Ruby's Low-Fat Soul Food Cookbook,Ruby Banks-Payne,4.8,175,1996,1,9,McGraw-Hill/Contemporary Books,Unknown Language
147,Rails Cookbook: Recipes for Rapid Web Development with Ruby,Rob Orsini,3.46,514,2007,1,1,O'Reilly Media,eng
149,The Red Hot Cookbook: Create a Culinary Inferno with Flaming Good Recipes from Around the World,Ruby Le Bois,3.75,256,2000,1,12,Anness Publishing/Southwater Publishing,Unknown Language
151,Anna Karenina,Leo Tolstoy,4.05,838,2004,31,5,Penguin Classics,eng
154,CliffsNotes on Tolstoy's Anna Karenina,Marianne Sturman,3.89,80,1965,26,11,Cliffs Notes,eng
159,Dinner with Anna Karenina,Gloria Goldreich,2.98,360,2006,28,1,Mira Books,eng
160,Tolstoy: Anna Karenina,Anthony Thorlby,4.19,128,1987,26,11,Cambridge University Press,eng
162,Untouchable,Mulk Raj Anand,3.72,160,1990,3,7,Penguin Books,eng
163,The Untouchable,John Banville,3.95,368,1998,30,6,Vintage Books,eng
164,The Untouchables,Eliot Ness,3.89,256,1996,1,2,Buccaneer Books,eng
165,Untouchables: My Family's Triumphant Journey Out of the Caste System in Modern India,Narendra Jadhav,3.82,320,2005,27,9,Scribner,en-US
166,Dalit: The Black Untaouchables of India,V.T. Rajshekar,4.2,100,1995,28,1,Clarity Press,eng
167,"The Untouchables: Subordination, Poverty and the State in Modern India (Contemporary South Asia, #4)",Oliver Mendelsohn,4.0,308,1998,30,4,Cambridge University Press,Unknown Language
168,Growing Up Untouchable in India: A Dalit Autobiography,Vasant Moon,3.65,224,2000,20,12,Rowman & Littlefield Publishers,eng
170,The Book of Evidence,Peter Achinstein,3.83,304,2003,20,11,Oxford University Press,Unknown Language
171,The Evidence-Based Social Work Skills Book,Barry R. Cournoyer,3.4,216,2003,22,9,Pearson,eng
177,"A Wrinkle in Time: A Guide for Using ""A Wrinkle in Time"" in the Classroom",John Carratello,4.0,48,1991,28,9,Teacher Created Resources,eng
180,Wrinkles in Time,George Smoot,4.01,360,1994,1,10,Harper Perennial,eng
181,A Wrinkle in Time: With Related Readings (A Wrinkle in Time Quintet #1),Madeleine L'Engle,4.0,250,2002,1,5,EMC/Paradigm Publishing,eng
182,Literature Circle Guide: A Wrinkle in Time,Tara MacCarthy,3.6,32,2002,1,1,Teaching Resources,eng
183,Un raccourci dans le temps,Madeleine L'Engle,4.0,254,1997,28,4,Pocket,Unknown Language
184,Empress in the Wrinkle of Time: The Knight-King Chronicle,Valerie Metcalf Estoye,4.25,508,2000,28,8,Xlibris Corporation,Unknown Language
192,A Wrinkle in Time: L-I-T Guide,Charlotte S. Jaffe,3.91,40,1997,1,12,Educational Impressions,Unknown Language
197,A Wrinkle in Time: Teacher Guide,Anne Troy,4.14,32,1998,1,12,Novel Units,Unknown Language
201,Una arruga en el tiempo – A Wrinkle in Time,Madeleine L'Engle,4.0,205,1984,1,6,Turtleback Books,spa
204,"The Long Shadow (The Morland Dynasty, #6)",Cynthia Harrod-Eagles,4.11,367,1994,1,6,"Little, Brown Book Group",eng
205,"A Long Shadow (Inspector Ian Rutledge, #8)",Charles Todd,4.12,352,2006,3,1,William Morrow,eng
206,Vicksburg's Long Shadow: The Civil War Legacy of Race and Remembrance,Christopher Waldrep,3.29,344,2005,31,8,Rowman & Littlefield Publishers,Unknown Language
207,Long Way Round: Chasing Shadows Across the World,Ewan McGregor,3.95,320,2005,1,11,Atria Books,en-US
208,"A Shadow in Summer (Long Price Quartet, #1)",Daniel Abraham,3.61,331,2006,7,3,Tor Books,eng
213,New Hope for the Dead (Hoke Mosely #2),Charles Willeford,3.9,244,2004,10,8,Vintage Crime/Black Lizard,eng
214,Sideswipe: A Hoke Moseley Novel,Charles Willeford,4.04,215,2005,8,3,Vintage Crime/Black Lizard,eng
215,The Way We Die Now,Charles Willeford,4.06,256,2005,16,8,Vintage Crime/Black Lizard,Unknown Language
216,Miami Blues (Hoke Moseley #1),Charles Willeford,3.94,191,2004,10,8,Vintage Crime/Black Lizard,eng
218,The Woman Chaser,Charles Willeford,3.93,192,1960,1,4,Newstand Library,Unknown Language
219,The Machine in Ward Eleven,Charles Willeford,3.59,160,2001,27,8,Thunder's Mouth Press,Unknown Language
221,Wild Wives,Charles Willeford,3.68,102,2009,9,9,Vintage Crime/Black Lizard,Unknown Language
222,The Shark-Infested Custard,Charles Willeford,3.82,272,2005,6,12,Vintage Crime/Black Lizard,Unknown Language
224,The Black Mass of Brother Springer,Charles Willeford,3.97,208,2003,1,12,Wit's End Books,Unknown Language
226,Comedy after Postmodernism: Rereading Comedy from Edward Lear to Charles Willeford,Kirby Olson,4.14,184,2001,15,1,Texas Tech University Press,Unknown Language
228,Cockfighter,Charles Willeford,4.11,200,2005,1,6,Blackmask.com,Unknown Language
229,"Sideswipe (Hoke Moseley, #3)",Charles Willeford,4.04,279,1988,12,6,Ballantine Books,Unknown Language
230,The Burnt Orange Heresy (Vintage Crime/Black Lizard),Charles Willeford,3.89,144,1990,3,10,Vintage,eng
231,I am Charlotte Simmons,Tom Wolfe,3.42,738,2005,30,8,Picador USA,eng
234,The Complete Verse and Other Nonsense,Edward Lear,4.18,624,2002,29,10,Penguin Books,Unknown Language
236,The Complete Nonsense of Edward Lear,Edward Lear,4.03,287,1940,1,6,Amereon Limited,Unknown Language
237,Poetry for Young People: Edward Lear,Edward Lear,3.91,48,2001,1,10,Sterling,eng
239,An Edward Lear Alphabet,Edward Lear,3.42,32,1999,1,4,HarperCollins Publishers,Unknown Language
241,A Was Once an Apple Pie,Edward Lear,3.41,32,2005,1,9,Orchard Books,Unknown Language
242,The Owl and the Pussycat,Edward Lear,4.19,32,1996,7,5,Puffin Books,Unknown Language
243,The Pobble Who Has No Toes (Edward Lear's Little Books of Nonsense),Edward Lear,4.6,24,1986,27,3,HarperCollins Publishers,Unknown Language
244,The Puffin Book of Nonsense Verse,Quentin Blake,4.0,287,1996,3,10,Puffin,eng
245,Henry Miller on Writing,Henry Miller,4.23,217,1964,1,2,New Directions Publishing,eng
246,The Colossus of Maroussi,Henry Miller,3.98,244,1975,17,1,New Directions,Unknown Language
247,Quiet Days in Clichy,Henry Miller,3.69,154,1994,13,1,Grove Press,eng
248,Big Sur and the Oranges of Hieronymus Bosch,Henry Miller,4.02,400,1957,17,1,New Directions,Unknown Language
249,Tropic of Cancer,Henry Miller,3.68,318,1994,6,1,Grove Press,eng
250,Tropic of Capricorn,Henry Miller,3.78,348,1994,13,1,Grove Press,eng
251,"Nexus (The Rosy Crucifixion, #3)",Henry Miller,4.1,316,1994,13,1,Grove Press,eng
252,"Sexus (The Rosy Crucifixion, #1)",Henry Miller,3.98,506,1994,12,1,Grove Press,eng
253,The Air-Conditioned Nightmare,Henry Miller,3.83,292,1970,17,1,New Directions,eng
254,The Time of the Assassins:  a Study of Rimbaud,Henry Miller,3.95,160,1962,17,1,New Directions,Unknown Language
255,Public Places-Urban Spaces: The Dimensions of Urban Design,Matthew Carmona,4.1,320,2003,14,3,Architectural Press,Unknown Language
256,Behavior in Public Places,Erving Goffman,4.1,248,1966,1,9,Free Press,Unknown Language
257,Haunted Places in America: A Guide to Spooked and Spooky Public Places in the United States,Charles A. Coulombe,3.42,288,2004,1,10,Lyons Press,Unknown Language
258,"Public Places: My Life in the Theater, with Peter O'Toole and Beyond",Sian Phillips,3.85,441,2004,3,5,Faber & Faber,Unknown Language
259,Together Alone: Personal Relationships in Public Places,Calvin Morrill,3.67,320,2005,8,8,University of California Press,Unknown Language
260,Squares: A Public Place Design Guide for Urbanists,Mark C. Childs,3.78,208,2006,1,9,University of New Mexico Press,Unknown Language
261,Just in Time! Pastoral Prayers in Public Places,F. Belton Joyner Jr.,3.8,80,2006,1,3,Abingdon Press,Unknown Language
262,Pike Place Public Market Seafood Cookbook,Braiden Rex-Johnson,3.83,129,2005,1,6,Ten Speed Press,Unknown Language
263,Art for Public Places: Critical Essays,Malcolm Miles,4.25,244,1989,1,1,Winchester School of Arts Press,Unknown Language
264,The Portrait of a Lady,Henry James,3.78,797,2003,30,9,Penguin Classics,eng
267,Portrait of the Blue Lady: The Character of Melancholy,Lyn Cowan,4.22,314,2004,26,10,"Spring Journal, Inc",Unknown Language
271,New Essays on 'The Portrait of a Lady',Joel Porte,4.0,178,1990,4,12,Cambridge University Press,Unknown Language
275,The Lover,Marguerite Duras,3.74,117,1998,8,9,Pantheon Books,eng
277,Writing,Marguerite Duras,3.74,91,1999,6,5,Brookline Books,eng
278,The War,Marguerite Duras,3.85,192,1994,1,8,The New Press,eng
279,Craniosacral Therapy II: Beyond the Dura,John E. Upledger,4.35,259,1990,1,1,Eastland Press,Unknown Language
280,The Ravishing of Lol Stein,Marguerite Duras,3.66,181,1986,12,3,Pantheon,en-US
284,A Treasury of Kahlil Gibran,Kahlil Gibran,4.43,456,1976,1,1,Citadel Press,Unknown Language
285,Love Letters,Kahlil Gibran,3.7,178,1999,1,7,One World (UK),eng
286,The Prophet,Kahlil Gibran,4.23,128,1995,21,2,Knopf,Unknown Language
288,Kahlil Gibran: His Life and World,Jean Gibran,4.21,464,1998,1,4,Interlink Publishing Group,eng
289,The Beloved: Reflections on the Path of the Heart,Kahlil Gibran,4.19,102,1998,1,1,Penguin Books,eng
290,Jesus the Son of Man,Kahlil Gibran,3.98,216,1995,21,2,Knopf,eng
291,The Broken Wings,Kahlil Gibran,3.92,132,2003,3,3,Citadel,eng
292,Sand and Foam,Kahlil Gibran,4.08,100,2011,14,6,Knopf,eng
295,Treasure Island,Robert Louis Stevenson,3.83,311,2001,15,9,Kingfisher,eng
302,Treasure Island (Great Illustrated Classics),Deidre S. Laiken,4.05,232,2006,31,1,Abdo Publishing Company,eng
303,Cliffs Notes on Stevenson's Treasure Island and Kidnapped,O.L. Mishk,4.6,80,1974,24,7,Cliffs Notes,Unknown Language
305,George Eliot and Judaism: An Attempt to Appreciate 'Daniel Deronda',David Kaufmann,4.33,100,2005,1,5,University Press of the Pacific,Unknown Language
306,Daniel Deronda Notebooks,George Eliot,3.7,524,1996,28,12,Cambridge University Press,Unknown Language
309,"Daniel Deronda, V1",George Eliot,4.31,384,2003,21,7,IndyPublish.com,Unknown Language
312,Flight: 100 Years of Aviation,R.G. Grant,4.31,440,2002,16,9,DK Publishing (Dorling Kindersley),Unknown Language
313,100 Years of Lynchings,Ralph Ginzburg,4.61,270,1996,22,11,Black Classic Press,eng
314,If You Lived 100 Years Ago,Ann McGovern,3.91,80,1999,1,9,Scholastic Paperbacks,Unknown Language
315,Camp Cooking: 100 Years The National Museum of Forest Service History,National Museum of Forest Service History,4.42,192,2004,23,12,Gibbs Smith,Unknown Language
317,El Siglo del Espiritu Santo,Vinson Synan,3.79,559,2006,1,7,Vida Publishers,Unknown Language
318,The Next 100 Years: Predictions to the Nations and the Church of the 21st Century,Dennis Cramer,4.0,133,2004,1,1,Arrow Publications,Unknown Language
319,Disney,Dave   Smith,3.98,224,2003,1,2,Disney Editions,Unknown Language
323,Masterwork Studies Series: 100 Years of Solitude,Regina Janes,4.05,176,1991,1,5,Twayne Publishers,Unknown Language
324,Cien años de soledad,Gabriel García Márquez,4.07,448,1990,1,1,French & European,spa
327,Why Zebras Don't Get Ulcers,Robert M. Sapolsky,4.17,560,2004,15,9,Holt Paperbacks,Unknown Language
328,Chess for Zebras,Jonathan Rowson,4.4,255,2003,1,12,Gambit Publications,Unknown Language
329,What If the Zebras Lost Their Stripes?,John Reitano,4.14,32,1998,1,9,Paulist Press,Unknown Language
330,On Beyond Zebra!,Dr. Seuss,4.04,64,1955,12,9,Random House Books for Young Readers,eng
331,Ziggy the Zebra,Libby Ellis,4.07,14,2000,1,2,Piggy Toes Press,Unknown Language
332,The Wedding Clause,Debbie Raleigh,3.61,256,2005,7,6,Zebra,eng
333,The Zebra Wall,Kevin Henkes,3.44,147,2005,15,2,Greenwillow Books,eng
334,"""A"" Is for Zebra",Mark Shulman,3.78,32,2006,28,4,Sterling,Unknown Language
335,Lots and Lots of Zebra Stripes,Stephen R. Swinburne,3.74,32,2002,1,3,Boyds Mills Press,Unknown Language
337,El perfume: Historia de un asesino,Patrick Süskind,4.02,239,2002,1,6,Booket,spa
339,"Perfumes, Splashes  Colognes: Discovering and Crafting Your Personal Fragrances",Nancy M. Booth,3.65,176,1997,11,1,"Storey Publishing, LLC",Unknown Language
340,Wonderful World of Collecting Perfume Bottles: Identification & Value Guide,Jane Flanagan,4.09,176,2006,1,4,Collector Books,Unknown Language
344,Scents & Sensibilities: Creating Solid Perfumes for Well-Being,Mandy Aftel,3.85,96,2005,7,6,Gibbs Smith,Unknown Language
348,The Door Into Summer,Robert A. Heinlein,4.01,304,1997,17,6,Del Rey,eng
350,Stranger in a Strange Land,Robert A. Heinlein,3.92,528,1991,1,10,Ace,eng
353,Time Enough for Love,Robert A. Heinlein,3.97,589,1988,15,8,Ace,eng
354,To Sail Beyond the Sunset,Robert A. Heinlein,3.87,434,1988,1,6,Ace Books,en-US
355,Job: A Comedy of Justice,Robert A. Heinlein,3.78,439,1985,12,10,Del Rey,en-US
356,"Time for the Stars (Heinlein's Juveniles, #10)",Robert A. Heinlein,3.97,256,2006,8,8,Tor Books,eng
357,"The Long Dark Tea-Time of the Soul (Dirk Gently, #2)",Douglas Adams,4.06,307,1991,15,2,Pocket Books,eng
359,"The Salmon of Doubt (Dirk Gently, #3)",Douglas Adams,3.93,298,2005,26,4,Del Rey,eng
362,Wish You Were Here: The Official Biography of Douglas Adams,Nick  Webb,4.14,368,2005,27,12,Del Rey,eng
365,"Dirk Gently's Holistic Detective Agency (Dirk Gently, #1)",Douglas Adams,3.98,306,2002,1,1,Pocket Books,eng
366,Velvet: A Novel of Suspense,Alec Kalla,2.5700000000000003,221,1993,1,6,Foul Play Press,Unknown Language
367,Douglas Adams's Starship Titanic,Terry Jones,3.6,256,1998,27,10,Ballantine Books,eng
372,The Salmon of Doubt: Hitchhiking the Galaxy One Last Time,Douglas Adams,3.93,7,2006,1,1,Phoenix Audio,Unknown Language
374,Salmon Doubts,Adam Sacks,3.25,128,2004,20,7,Alternative Comics,Unknown Language
377,Salmon of Doubt: Hitchhiking the Galaxy One Last Time,Douglas Adams,3.93,336,2003,1,7,Turtleback Books,eng
379,A Guide for Using the Phantom Tollbooth in the Classroom,Kathleen L. Bulloch,4.25,48,1994,1,3,Teacher Created Resources,Unknown Language
380,A Colorful Symphony: Full Score,Robert Xavier Rodríguez,5.0,68,1997,1,5,"G. Schirmer, Inc.",Unknown Language
382,The Phantom Tollbooth: A Children's Play in Two Acts,Susan Nanus,4.11,72,2011,12,1,"Samuel French, Inc.",eng
385,On Bullshit,Harry G. Frankfurt,3.5700000000000003,67,2005,30,1,Princeton University Press,eng
386,Another Bullshit Night in Suck City,Nick Flynn,3.79,347,2005,12,9,W. W. Norton & Company,eng
387,100 Bullshit Jobs...And How to Get Them,Stanley Bing,3.19,320,2006,2,5,Harper Business,Unknown Language
388,The Business of Bullshit,Graham Edmonds,3.47,193,2006,30,5,Plume,Unknown Language
389,Bullshit Artist: The 9/11 Leadership Myth,Ron Schalow,4.67,326,2006,28,3,Booksurge Publishing,Unknown Language
390,Your Call Is Important to Us: The Truth About Bullshit,Laura Penny,3.42,272,2006,23,5,Broadway Books,Unknown Language
392,"Bullets, Badges, and Bullshit",Phil T. O'Brien,5.0,444,2006,6,3,PublishAmerica,Unknown Language
393,"Hello, Lied the Agent: And Other Bullshit You Hear as a Hollywood TV Writer",Ian Gurvitz,3.34,342,2006,1,9,Phoenix Books and Audio,Unknown Language
394,Lincoln at Gettysburg: The Words That Remade America,Garry Wills,4.14,317,1993,12,6,Simon & Schuster,en-US
395,Lincoln's Gettysburg Address in Translation,Abraham Lincoln,4.53,36,1972,31,12,Library of Congress,Unknown Language
397,The Gettysburg Address,Abraham Lincoln,4.53,32,1998,2,2,HMH Books for Young Readers,eng
398,The Battle of Gettysburg and Lincoln's Gettyburg Address,Carin T. Ford,4.14,48,2004,1,5,Enslow Elementary,Unknown Language
399,Underworld,Don DeLillo,3.92,827,1998,9,7,Scribner,eng
400,Libra,Don DeLillo,3.99,480,1991,1,5,Penguin,eng
403,Americana,Don DeLillo,3.43,377,1989,6,7,Penguin Books,eng
404,Running Dog,Don DeLillo,3.43,256,1989,17,7,Vintage Contemporaries,eng
405,Ratner's Star,Don DeLillo,3.48,448,1989,17,7,Vintage,Unknown Language
406,Cosmopolis,Don DeLillo,3.22,224,2004,6,4,Scribner,eng
407,Great Jones Street,Don DeLillo,3.48,272,1994,1,1,Penguin Books,eng
408,The Names,Don DeLillo,3.64,339,1989,17,7,Vintage,eng
409,Against the Day,Thomas Pynchon,4.13,1085,2006,21,11,Penguin Press,eng
410,V.,Thomas Pynchon,3.96,547,2005,5,7,Harper Perennial Modern Classics,eng
411,The Crying of Lot 49,Thomas Pynchon,3.69,152,1999,1,4,Harper Perennial,eng
412,Gravity's Rainbow,Thomas Pynchon,4.0,784,2000,1,1,Penguin Books,eng
413,Mason & Dixon,Thomas Pynchon,4.07,773,2004,3,1,Picador USA,eng
414,Vineland,Thomas Pynchon,3.69,385,1997,1,9,Penguin Classics,en-US
416,Slow Learner: Early Stories,Thomas Pynchon,3.5,193,1985,30,4,Back Bay Books,eng
417,Thomas Pynchon (Bloom's Modern Critical Views),Harold Bloom,3.6,322,2003,23,7,Chelsea House Publications,Unknown Language
418,Been Down So Long It Looks Like Up To Me,Richard Fariña,3.79,352,1996,29,8,Penguin Classics,eng
419,Vintage Didion,Joan Didion,4.1,199,2004,6,1,Vintage Books,Unknown Language
420,The Year of Magical Thinking,Joan Didion,3.89,227,2005,4,10,Knopf Publishing Group,en-US
421,The White Album,Joan Didion,4.16,222,1990,1,10,Farrar Straus Giroux,eng
422,A Book of Common Prayer,Joan Didion,3.8,272,1995,11,4,Vintage International,eng
423,Where I Was From,Joan Didion,3.86,240,2004,14,9,Vintage,eng
424,Slouching Towards Bethlehem,Joan Didion,4.21,238,1990,1,10,Farrar Straus Giroux,eng
425,Democracy,Joan Didion,3.82,234,1995,25,4,Vintage International,en-US
426,We Tell Ourselves Stories in Order to Live: Collected Nonfiction,Joan Didion,4.5,1122,2006,17,10,Everyman's Library,eng
427,Miami,Joan Didion,3.7,240,1998,29,9,Vintage,Unknown Language
428,Play It As It Lays,Joan Didion,3.88,231,2005,15,11,"Farrar, Straus and Giroux",eng
429,Amazons: An Intimate Memoir by the First Woman Ever to Play in the National Hockey League,Cleo Birdwell,3.71,390,1980,1,1,Holt McDougal,Unknown Language
431,The New York Trilogy,Paul Auster,3.89,308,2006,28,3,Penguin Classics,eng
432,"City of Glass (The New York Trilogy, #1)",Paul Auster,3.79,203,1987,7,4,Penguin Books,eng
434,"Ghosts (The New York Trilogy, #2)",Paul Auster,3.64,96,1987,7,7,Penguin Books,eng
435,"The Locked Room (The New York Trilogy, #3)",Paul Auster,3.89,179,1986,1,11,Sun and Moon Press,eng
438,"New York Trilogy: New York Underground, Trapped, Love and Sex",Paul Hallasy,5.0,156,2000,20,4,iUniverse,Unknown Language
439,"New York Dreams (Virex Trilogy, #3)",Eric Brown,3.8,336,2004,1,8,Gollancz,Unknown Language
444,Pyramids of Montauk: Explorations in Consciousness,Peter Moon,3.89,256,1995,1,1,Sky Books (NY),eng
445,"All My Tomorrows (The Orphan Trains Trilogy, #2)",Al Lacy,3.96,352,2003,7,6,Multnomah,Unknown Language
446,The Brooklyn Follies,Paul Auster,3.84,306,2006,17,10,Picador,eng
447,Moon Palace,Paul Auster,3.94,320,1990,1,4,Penguin Books,eng
448,A Tomb for Anatole: Poetry,Stéphane Mallarmé,4.37,202,2005,17,6,New Directions,Unknown Language
452,The Invention of Solitude: A Memoir,Paul Auster,3.78,192,1988,5,5,Penguin Books,Unknown Language
453,The Music of Chance,Paul Auster,3.91,217,1991,1,12,Penguin Books,en-US
454,Travels in the Scriptorium,Paul Auster,3.23,145,2007,23,1,Henry Holt & Company,eng
455,In the Country of Last Things,Paul Auster,3.87,188,1988,2,5,Penguin Books,Unknown Language
456,Leviathan,Paul Auster,3.96,275,1993,1,9,Penguin Books,eng
459,The Random House Book of 20th Century French Poetry,Paul Auster,4.5600000000000005,690,1984,12,1,Vintage,Unknown Language
460,Paul Auster's New York - Promo: Mak.of Amer,Paul Auster,3.89,97,1997,14,9,Henry Holt & Company,Unknown Language
461,The Inner Life of Martin Frost,Paul Auster,3.33,40,2006,1,4,Purdue University Press,Unknown Language
462,Disappearances,Paul Auster,3.4,96,1989,2,5,Harry N. Abrams,Unknown Language
463,The Red Notebook: True Stories,Paul Auster,3.77,104,2002,17,6,New Directions,eng
464,Collected Poems,Paul Auster,3.58,192,2004,5,1,Harry N. Abrams,Unknown Language
465,Paul Auster and Postmodern Quest: On the Road to Nowhere,Chippy M.L. Den Irvine,4.0,221,2002,6,11,"Peter Lang Inc., International Academic Publishers",Unknown Language
466,Timbuktu / Leviathan / Moon Palace,Paul Auster,4.32,1075,2002,7,11,Actes Sud,fre
468,An Art of Desire: Reading Paul Auster,Bernd Herzogenrath,4.0,245,1999,1,1,Brill/Rodopi,Unknown Language
469,Paul Auster (Bloom's Modern Critical Views),Harold Bloom,3.82,254,2003,18,9,Chelsea House Publications,Unknown Language
470,"The Art of Hunger: Essays, Prefaces, Interviews, The Red Notebook",Paul Auster,3.87,368,1997,1,9,Penguin Books,Unknown Language
471,World that is the Book: Paul Auster’s Fiction,Aliki Varvogli,3.6,200,2001,1,11,Liverpool University Press,Unknown Language
473,Beyond the Red Notebook,Dennis Barone,4.0,224,1995,1,8,University of Pennsylvania Press,Unknown Language
475,Collapse: How Societies Choose to Fail or Succeed,Jared Diamond,3.93,608,2005,27,12,Penguin Books Ltd. (London),eng
476,The Coming Economic Collapse: How You Can Thrive When Oil Costs $200 a Barrel,Stephen Leeb,3.39,211,2006,1,2,Business Plus,en-US
477,Collapse of Complex Societies,Joseph A. Tainter,4.16,262,1990,29,3,Cambridge University Press,eng
478,Bowling Alone: The Collapse and Revival of American Community,Robert D. Putnam,3.8,544,2001,7,8,Simon  Schuster,eng
479,The Collapse of Evolution,Scott M. Huse,4.1,224,1997,1,11,Baker Books,Unknown Language
480,Collapse of Burning Buildings: A Guide to Fireground Safety,Vincent Dunn,4.83,150,1988,1,1,Fire Engineering Books,Unknown Language
481,The Collapse of the Common Good: How America's Lawsuit Culture Undermines Our Freedom,Philip K. Howard,3.91,272,2002,29,1,Ballantine Books,eng
482,"Armageddon Averted: The Soviet Collapse, 1970-2000",Stephen Kotkin,3.73,245,2003,16,11,"Oxford University Press, USA",Unknown Language
484,Reinventing the Enemy's Language: Contemporary Native Women's Writings of North America,Joy Harjo,4.39,576,1998,17,9,W. W. Norton  Company,eng
485,The Languages of Native North America,Marianne Mithun,4.53,773,2001,6,7,Cambridge University Press,Unknown Language
487,Searching for Lost City: On the Trail of America's Native Languages,Elizabeth Seay,3.89,272,2003,1,11,Lyons Press,Unknown Language
488,Indian Sign Language,William Tomkins,3.95,128,1969,1,6,Dover Publications,Unknown Language
492,The Fantastic Inventions of Nikola Tesla,Nikola Tesla,4.05,351,2014,12,6,Adventures Unlimited Press,Unknown Language
493,My Inventions,Nikola Tesla,4.01,88,2006,17,5,"Filiquarian Publishing, LLC.",eng
494,Wizard: The Life and Times of Nikola Tesla: Biography of a Genius,Marc J.  Seifer,3.79,542,2001,1,2,Citadel,eng
495,"Colorado Springs Notes, 1899-1900",Brotherhood of Life,3.96,439,2001,1,8,Angriff Press,Unknown Language
496,The Lost Journals of Nikola Tesla: HAARP - Chemtrails and the Secret of Alternative 4,Tim R. Swartz,3.91,155,2011,2,12,Inner Light - Global Communications,Unknown Language
497,Nikola Tesla: A Spark of Genius,Carol Dommermuth-Costa,3.93,144,1994,1,10,Lerner Publications,eng
498,Tesla Papers,Nikola Tesla,4.13,100,2000,1,12,Adventures Unlimited Press,eng
499,21st Century Mysteries: Nikola Tesla: Federal Documents and References (CD-ROM),U.S. Government,5.0,23931,2006,3,2,Progressive Management,Unknown Language
500,Problem of Increasing Human Energy,Nikola Tesla,4.24,112,1996,1,4,Kessinger Publishing,Unknown Language
501,The Tesla Rotating Magnetic Field,Thomas Commerford Martin,4.0,48,2005,8,12,Kessinger Publishing,Unknown Language
502,Art Invention House,Michael Webb,3.67,319,2005,8,11,Rizzoli International Publications,Unknown Language
503,How Invention Begins: Echoes of Old Voices in the Rise of New Machines,John H. Lienhard,3.75,277,2006,14,7,"Oxford University Press, USA",Unknown Language
504,The Invention of Peace: Reflections on War and International Order,Michael Eliot Howard,3.69,128,2001,8,2,Yale University Press,Unknown Language
507,Amazing Leonardo da Vinci Inventions: You Can Build Yourself,Maxine Anderson,3.86,128,2006,1,1,Nomad Press,Unknown Language
509,The Invention of Love,Tom Stoppard,4.02,112,1998,10,8,Grove Press,Unknown Language
510,Sliding Into Home,Dori Hillestad Butler,3.89,224,2005,1,4,Peachtree Publishers,Unknown Language
511,Boys of Summer,Julie Elizabeth Leto,3.77,249,2006,27,6,Harlequin Blaze,eng
512,"When Johnny Came Sliding Home: The Post-Civil War Baseball Boom, 1865-1870",William J. Ryczek,4.62,313,2006,1,6,McFarland & Company,Unknown Language
515,Programming Ruby: The Pragmatic Programmers' Guide,Dave Thomas,4.03,828,2004,11,10,Pragmatic Bookshelf,en-US
516,Programming Ruby: The Pragmatic Programmer's Guide,Dave Thomas,4.03,564,2000,17,10,Addison-Wesley Professional,Unknown Language
517,Best of Ruby Quiz Volume One,James Edward Gray II,3.4,298,2006,1,3,Pragmatic Bookshelf,Unknown Language
518,From Java to Ruby,Bruce A. Tate,3.14,160,2006,28,6,Pragmatic Bookshelf,Unknown Language
519,Rails Recipes,Chad Fowler,3.55,332,2006,1,6,Pragmatic Bookshelf,Unknown Language
520,Learn to Program,Chris  Pine,4.13,149,2006,23,1,Pragmatic Bookshelf,Unknown Language
521,"No Fluff, Just Stuff Anthology",Neal Ford,3.38,256,2006,20,6,Pragmatic Bookshelf,Unknown Language
522,English-Cayuga/Cayuga-English Dictionary,Frances Froman,0.0,750,2002,28,12,University of Toronto Press,Unknown Language
523,Golding's Lord of the Flies (Cliffs Notes),Maureen Kelly,3.94,112,2000,13,6,Cliffs Notes,eng
524,Lord of the Flies,William Golding,3.68,6,2005,11,10,Listening Library (Audio),eng
528,Lord of the Flies (SparkNotes Literature Guides),SparkNotes,3.76,72,2002,10,1,SparkNotes,Unknown Language
531,A War Like No Other: How the Athenians & Spartans Fought the Peloponnesian War,Victor Davis Hanson,4.11,397,2006,12,9,Random House,eng
532,Jack: A Life Like No Other,Geoffrey Perret,3.85,480,2001,6,11,Random House,Unknown Language
534,We Were Not Like Other People,Ephraim Sevela,4.14,216,1989,1,1,HarperCollins Publishers,eng
536,The Lovely Bones,Alice Sebold,3.81,327,2006,1,9,Random House,eng
539,"Lovely in Her Bones (Elizabeth MacPherson, #2)",Sharyn McCrumb,3.8,224,1990,13,5,Ballantine Books,eng
543,USB Mass Storage: Designing and Programming Devices and Embedded Hosts,Jan Axelson,3.67,287,2006,1,9,Lakeview Research,Unknown Language
545,Storage Network Performance Analysis,Huseyin Simitci,3.93,432,2003,9,5,Wiley,Unknown Language
546,Complete Home Storge,Barbara Braasch,3.1,192,2003,1,5,Oxmoor House,Unknown Language
547,Taunton's Home Storage Idea Book,Joanne Kellar Bouknight,3.68,186,2003,1,11,Taunton Press,Unknown Language
548,Storage Area Network Essentials: A Complete Guide to Understanding and Implementing Sans,Richard    Barker,4.06,384,2001,6,11,Wiley,Unknown Language
550,Country Living Stylish Storage: Simple Ways to Contain Your Clutter,Paige Gilchrist,3.0,144,2002,1,8,Hearst Books,Unknown Language
551,Simple Handmade Storage: 23 Step-By-Step Weekend Projects,Philip Haxell,3.29,128,2004,9,6,Laurel Glen Publishing,Unknown Language
553,Storage (Chic Simple) (Chic Simple Components),Jennifer Lisle,2.83,103,1994,29,11,Knopf,Unknown Language
555,"The Modern Gentleman: A Guide to Essential Manners, Savvy and Vice",Phineas Mollod,3.81,341,2002,27,8,Ten Speed Press,Unknown Language
556,The Chap Manifesto: Revolutionary Etiquette for the Modern Gentleman,Gustav Temple,3.9,144,2001,1,10,HarperCollins UK,Unknown Language
557,The Compleat Gentleman: The Modern Man's Guide to Chivalry,Brad Miner,3.56,256,2004,1,5,Spence Publishing Company,Unknown Language
558,The Last Gentleman (Modern Library),Walker Percy,3.87,442,1998,12,1,Modern Library,Unknown Language
561,The Word of a Gentleman: Meditations for Modern Man,Richard C. Halverson,3.0,208,1983,1,12,Zondervan Publishing Company,Unknown Language
563,CSS Mastery: Advanced Web Standards Solutions,Andy Budd,4.1,255,2006,1,2,Friends of ED,Unknown Language
564,Head First HTML with CSS & XHTML,Elisabeth Robson,4.16,702,2005,1,12,O'Reilly Media,Unknown Language
565,The Zen of CSS Design: Visual Enlightenment for the Web,Dave Shea,3.98,296,2005,17,2,Peachpit Press,en-US
566,Stylin' with CSS: A Designer's Guide,Charles Wyke-Smith,3.75,288,2005,6,5,New Riders Publishing,Unknown Language
567,CSS Pocket Reference,Eric A. Meyer,3.97,128,2004,6,8,O'Reilly Media,Unknown Language
568,The CSS Anthology,Rachel Andrew,3.87,376,2004,8,11,SitePoint,Unknown Language
569,HTML Utopia,Rachel Andrew,3.29,520,2006,21,4,SitePoint,Unknown Language
570,"HTML, XHTML, and CSS (Visual Quickstart Guide)",Elizabeth Castro,3.79,456,2006,1,8,Peachpit Press,en-US
571,Eric Meyer on CSS: Mastering the Language of Web Design with Cascading Style Sheets,Eric A. Meyer,4.13,352,2002,28,6,New Riders Publishing,Unknown Language
572,"1,000 Places to See in the U.S.A.  Canada Before You Die",Patricia Schultz,4.05,1183,2007,7,6,Workman Publishing Company,Unknown Language
576,1000 Record Covers,Michael Ochs,3.84,575,2005,15,5,Taschen,mul
578,Paul Huf: record covers,Hornbuckle,0.0,120,1999,1,6,Groninger Museum,Unknown Language
581,100 Albums That Changed Music: And 500 Songs You Need to Hear,Sean Egan,3.53,319,2006,1,8,Booksales,Unknown Language
582,1000 Families,Uwe Ommer,4.06,576,2002,1,12,Taschen,Unknown Language
585,The Art of Rock: Posters from Presley to Punk,Paul Grushkin,4.49,348,1999,1,3,Abbeville Press,Unknown Language
586,Art of Modern Rock: The Poster Explosion,Paul Grushkin,4.12,492,2004,4,11,Chronicle Books,Unknown Language
587,Ambiguous Images: Gender and Rock Art,Kelley Hays-Gilpin,3.83,256,2003,11,11,Altamira Press,Unknown Language
588,Roadside Guide to Indian Ruins & Rock Art of the Southwest,Gordon Sullivan,4.12,240,2005,1,1,Westcliffe Publishers,Unknown Language
589,A Field Guide to Rock Art Symbols of the Greater Southwest,Alex Patterson,4.18,256,1992,1,5,Johnson Books,Unknown Language
590,Guide to Rock Art of the Utah Region: Sites with Public Access,Dennis Slifer,4.0,245,2000,31,12,Ancient City Press,Unknown Language
591,The Rock Art of Texas Indians,William W. Newcomb,4.1,253,1996,1,1,University of Texas Press,Unknown Language
593,The Archaeology of Rock-Art,Christopher Chippindale,4.31,392,1999,21,1,Cambridge University Press,Unknown Language
594,African Rock Art: Paintings and Engravings on Stone,David Coulson,4.14,256,2001,4,6,ABRAMS,Unknown Language
595,Flash to the Core: An Interactive Sketchbook by Joshua Davis,Joshua Davis,4.1,352,2002,24,7,New Riders Publishing,Unknown Language
597,Killing Yourself to Live: 85% of a True Story,Chuck Klosterman,3.81,245,2006,13,6,Scribner,eng
599,"Sex, Drugs, and Cocoa Puffs: A Low Culture Manifesto",Chuck Klosterman,3.74,272,2004,2,7,Scribner,eng
600,"Sex, Drugs and DNA: Science's Taboos Confronted",Michael Stebbins,3.68,360,2006,4,4,Palgrave Macmillan,Unknown Language
601,"Sex, Drugs & Economics: An Unconventional Introduction to Economics",Diane Coyle,3.6,263,2004,8,3,Texere Publishing,Unknown Language
602,"Sex, Drugs, Rock and Roll",Eric Bogosian,3.81,136,2008,1,9,Theatre Communications Group,Unknown Language
603,"Sex, Drugs, Gambling, and Chocolate: A Workbook for Overcoming Addictions",A. Thomas Horvath,3.9,240,2003,1,8,Impact,Unknown Language
605,"Life and Def: Sex, Drugs, Money, + God",Russell Simmons,3.8,288,2002,24,9,Three Rivers Press,Unknown Language
606,The Vice Guide to Sex and Drugs and Rock and Roll,Suroosh Alvi,4.06,362,2003,1,9,Grand Central Publishing,Unknown Language
607,Corporate Vices: What's Gone Wrong with Business?,Charles Cohen,2.25,148,2002,30,12,Capstone,Unknown Language
609,Grand Theft Auto: Vice City Official Strategy Guide for PC,Tim Bogenn,4.07,192,2003,19,5,BradyGames,Unknown Language
610,Grand Theft Auto: Vice City Stories Official Strategy Guide,Brady Games,4.5,240,2006,30,10,BradyGames,Unknown Language
611,The Faking of the Vice-President: A Guide to Becoming a Superfluous Leader,Rich Mintzer,0.0,96,1992,14,5,Perigee,Unknown Language
616,Vice & Virtue in Everyday Life: Introductory Readings in Ethics,Christina Hoff Sommers,3.74,594,2006,1,3,Wadsworth Publishing Company,Unknown Language
617,Vice Cream: Over 70 Sinfully Delicious Dairy-Free Delights,Jeff Rogers,3.82,112,2004,24,2,Celestial Arts,Unknown Language
618,Vice DOs & DON'Ts: 10 Years of Vice Magazine's Street Fashion Critiques,Suroosh Alvi,4.17,261,2004,1,9,Warner Books (NY),Unknown Language
619,"Vice (V, #8)",Jane Feather,3.51,419,1996,2,5,Bantam,eng
620,"Small Vices (Spenser, #24)",Robert B. Parker,4.01,384,1998,1,3,G.P. Putnam's Sons,Unknown Language
621,The Automatic Millionaire: A Powerful One-Step Plan to Live and Finish Rich,David Bach,3.93,272,2005,27,12,Crown Business,Unknown Language
622,The Automatic Millionaire Homeowner: A Powerful Plan to Finish Rich in Real Estate,David Bach,3.84,272,2006,7,3,Crown Business,Unknown Language
623,The Automatic Millionaire Workbook: A Personalized Plan to Live and Finish Rich. . . Automatically,David Bach,3.73,200,2005,4,1,Crown Business,Unknown Language
627,The Automatic Millionaire Workbook,David Bach,3.73,240,2005,25,1,Doubleday Canada,Unknown Language
629,"Zen and the Art of Motorcycle Maintenance: An Inquiry Into Values (Phaedrus, #1)",Robert M. Pirsig,3.77,540,2006,25,4,HarperTorch,eng
630,The Mouse and the Motorcycle,Beverly Cleary,3.93,160,2006,1,5,HarperCollins Publishers,Unknown Language
631,The Essential Guide to Motorcycle Maintenance,Mark Zimmerman,3.94,256,2004,30,1,Whitehorse Press,Unknown Language
633,The Complete Idiot's Guide to Motorcycles,Darwin Holmstrom,3.7,448,2005,4,1,Alpha,Unknown Language
634,Motorcycle Owner's Manual,Hugo  Wilson,3.77,112,1997,26,5,DK,Unknown Language
636,How to Paint Your Motorcycle,JoAnn Bortles,4.0,128,2005,10,11,Motorbooks,Unknown Language
637,How to Restore Your Motorcycle,Mark Zimmerman,3.66,224,2000,25,9,Motorbooks International,Unknown Language
639,Once Upon a Cool Motorcycle Dude,Kevin O'Malley,4.08,32,2005,1,4,Walker & Company,eng
640,"Life is a Road, the Soul is a Motorcycle",Daniel B. Meyer,3.63,212,2003,5,3,iUniverse,Unknown Language
641,Motorcycle Touring: Everything You Need to Know,Gregory W. Frazier,3.5,160,2005,5,9,Motorbooks,Unknown Language
642,Guidebook to Zen and the Art of Motorcycle Maintenance,Ronald L. DiSanto,3.72,408,1990,19,11,William Morrow Paperbacks,en-GB
643,Motorcycle Basics Techbook,John Harold Haynes,3.88,222,2002,5,7,"Haynes Manuals N. America, Inc.",eng
644,"How to Ride a Motorcycle: A Rider's Guide to Strategy, Safety, and Skill Development",Pat Hahn,3.67,143,2005,29,10,Motorbooks International,Unknown Language
645,Motorcycle Camping Made Easy,Bob Woofter,3.62,127,2002,25,8,Whitehorse Press,Unknown Language
648,Dos Logos,Robert Klanten,3.97,444,2004,1,9,Die Gestalten Verlag,Unknown Language
649,Logo Design Workbook: A Hands-On Guide to Creating Logos,Sean Adams,3.9,240,2006,1,3,Rockport Publishers,Unknown Language
650,"LOGO Lounge: 2,000 International Identities by Leading Designers",Catharine M. Fishel,3.91,191,2004,1,9,Rockport Publishers,eng
651,Letterhead and Logo Design 9,Mine Design,4.22,240,2005,1,9,Rockport Publishers,Unknown Language
652,Los Logos: A Selected LOGO Collection,Nicholas Bourquin,3.96,444,2002,1,10,Gestalten,Unknown Language
653,The Big Book of Logos 3,David E. Carter,4.18,384,2004,30,3,Harper Design,Unknown Language
654,Great Short Works,Leo Tolstoy,4.31,720,2004,2,3,Harper Perennial Modern Classics,Unknown Language
655,The Death of Ivan Ilych And Other Stories,Leo Tolstoy,4.11,304,2003,1,4,Signet Classics,eng
656,War and Peace,Leo Tolstoy,4.12,1392,1998,25,6,Oxford University Press,eng
657,Tolstoy Lied: A Love Story,Rachel Kadish,3.45,336,2006,1,9,Houghton Mifflin Harcourt,Unknown Language
658,The Kingdom of God Is Within You,Leo Tolstoy,4.12,352,2006,8,9,Dover Publications,eng
659,Walk in the Light & Twenty-Three Tales,Leo Tolstoy,4.15,351,2003,20,11,Orbis Books,Unknown Language
660,The Poet of Tolstoy Park,Sonny Brewer,3.93,254,2004,1,12,Ballantine Books,Unknown Language
662,Atlas Shrugged,Ayn Rand,3.69,1168,1999,1,8,Plume,eng
663,For the New Intellectual: The Philosophy of Ayn Rand,Ayn Rand,3.68,224,1963,1,12,Signet Book,eng
664,The Fountainhead,Ayn Rand,3.87,752,2005,26,4,Dutton,en-US
665,The Virtue of Selfishness: A New Concept of Egoism,Ayn Rand,3.51,176,1964,1,11,Signet,eng
666,Ayn Rand Answers: The Best of Her Q & A,Robert Mayhew,4.16,241,2005,1,11,Berkley Books,Unknown Language
667,Anthem,Ayn Rand,3.63,105,1999,1,12,NAL,eng
668,We the Living,Ayn Rand,3.91,464,1996,1,1,Signet,eng
669,Capitalism: The Unknown Ideal,Ayn Rand,3.88,340,1986,15,7,Signet,eng
670,Letters of Ayn Rand,Ayn Rand,3.97,681,1997,1,2,NAL,eng
671,"Philosophy, Who Needs It / Ayn Rand: In",Ayn Rand,3.88,276,1988,1,6,Bobbs-Merrill,Unknown Language
672,Sailing for Dummies,J.J. Isler,3.95,416,2006,1,6,For Dummies,eng
673,The Complete Sailor: Learning the Art of Sailing,David Seidman,4.31,208,1995,1,3,International Marine Publishing,Unknown Language
674,Sailing Fundamentals,Gary Jobson,3.94,224,2005,1,8,Touchstone,Unknown Language
675,Sailing from Byzantium: How a Lost Empire Shaped the World,Colin  Wells,3.88,335,2006,25,7,Delacorte Press,eng
676,Sailing Alone Around the Room: New and Selected Poems,Billy Collins,4.23,172,2002,17,9,Random House Trade Paperbacks,eng
677,Learning to Sail: The Annapolis Sailing School Guide for All Ages,Diane Goodman,4.07,112,1994,22,4,International Marine Publishing,Unknown Language
678,The Greatest Sailing Stories Ever Told: Twenty-Seven Unforgettable Stories,Christopher Caswell,3.62,286,2004,1,4,Lyons Press,eng
679,"Sailing Smart: Winning Techniques, Tactics, And Strategies",Buddy Melges,4.09,208,1987,15,4,Holt Paperbacks,Unknown Language
680,The Handbook Of Sailing,Bob Bond,4.05,352,1992,11,8,Knopf,Unknown Language
681,"Natural Cures ""They"" Don't Want You to Know about",Kevin Trudeau,3.1,571,2004,1,1,Alliance Publishing,en-US
682,More Natural Cures Revealed,Kevin Trudeau,3.41,358,2006,9,5,Vanguard Press,Unknown Language
683,Natural Capitalism,Paul Hawken,4.0,416,2000,12,10,Back Bay Books,Unknown Language
685,The Natural,Bernard Malamud,3.63,231,2003,7,7,Farrar Straus Giroux,eng
687,"Natural Hormone Balance for Women: Look Younger, Feel Stronger, and Live Life with Exuberance",Uzzi Reiss,4.08,320,2002,1,1,Atria Books,Unknown Language
688,Natural Resource Conservation: Management for a Sustainable Future,Daniel D. Chiras,3.39,656,2004,1,9,Prentice Hall,Unknown Language
690,The End of Print,David Carson,4.06,160,1995,1,11,Chronicle Books (CA),Unknown Language
691,"Trek David Carson, Recent Werk",David Carson,4.24,456,2004,8,3,Gingko Press,Unknown Language
692,David Carson 2ndsight,Lewis Blackwell,4.06,176,1997,15,11,Universe,Unknown Language
693,The Book of Probes,Marshall McLuhan,4.15,573,2003,29,12,Gingko Press,Unknown Language
697,Ortlos: Architecture of the Net.Works,Ivan Redi,4.33,216,2005,1,11,Hatje Cantz,Unknown Language
698,Digging to America,Anne Tyler,3.55,277,2006,2,5,Alfred A. Knopf,eng
699,"America: A Concise History, Volume 2: Since 1865",James A. Henretta,3.83,640,2005,4,2,Bedford Books,Unknown Language
700,Rereading America: Cultural Contexts for Critical Thinking and Writing,Gary Colombo,3.78,826,2004,21,1,Bedford Books,eng
702,Modern Latin America,Thomas E. Skidmore,3.59,528,2004,7,10,"Oxford University Press, USA",en-US
703,The Plot Against America,Philip Roth,3.77,391,2005,27,9,Vintage International,eng
704,Covenant with Black America,Tavis Smiley,3.76,254,2006,22,2,Third World Press,Unknown Language
705,Democracy in America,Alexis de Tocqueville,4.02,703,2003,1,3,Gateway Editions,Unknown Language
707,Naked Pictures of Famous People,Jon   Stewart,3.59,164,1999,22,9,Dey Street Books,en-GB
708,Kierkegaard's Relations to Hegel Reconsidered,Jon  Stewart,4.4,718,2003,12,11,Cambridge University Press,Unknown Language
710,"Swiss Graphic Design: The Origins and Growth of an International Style, 1920-1965",Richard Hollis,4.35,272,2006,28,4,Yale University Press,Unknown Language
711,Swiss Design 2002: Netzwerke / Ra(c)Seaux / Networks,Ruedi Baur,2.0,226,2003,1,1,Lars Muller Publishers,Unknown Language
712,Benzin: Young Swiss Graphic Design,Thomas Bruggisser,4.12,336,2001,1,10,Lars Muller Publishers,Unknown Language
713,Swiss Design 2004,Bundesamt fur Kultur,0.0,216,2004,22,10,Lars Muller Publishers,Unknown Language
714,Swiss Design 2003: Desir Design,Swiss Federal Office of Culture,0.0,200,2004,2,2,Lars Muller Publishers,Unknown Language
715,The Art of Structural Design: A Swiss Legacy,David P. Billington,4.0,212,2003,11,3,Princeton University Art Museum,Unknown Language
716,Swiss Graphic Design,Hendrik Hellige,3.75,224,2000,1,9,Gestalten Verlag,Unknown Language
717,Charted Swiss Folk Designs,Elvira Parolini-Ruffini,2.0,32,1978,1,1,Dover Publications,Unknown Language
720,Guitar Chord Encyclopedia: 36 Chords in Each Key,Steve Hall,3.73,312,1993,1,1,Alfred Music,Unknown Language
721,"Incredible Chord Finder: Easy-to-Use Guide to Over 1,100 Guitar Chords",Songbook,3.67,104,1986,1,12,Unknown Publisher,Unknown Language
722,Guitar Case Chord Book in Full Color - Compact Music Guides Series,Music Sales Corporation,4.5,48,2002,1,3,Hal Leonard Publishing Corporation,Unknown Language
723,Chord Workbook for Guitar Volume One,Bruce Arnold,4.4,176,2001,1,4,Muse Eek Publishing Company,Unknown Language
724,Guitar Chord Bible,Phil Capone,4.2,256,2009,26,8,Chartwell Books,Unknown Language
725,"The Guitar Chord Wheel Book: Over 22,000 Chords!",Hal Leonard Publishing Company,4.0,336,1993,1,1,Hal Leonard Publishing Corporation,Unknown Language
726,Red Hot Chili Peppers,Hal Leonard Publishing Company,4.0,141,2005,1,7,Hal Leonard Publishing Corporation,Unknown Language
728,Mel Bays Guitar Chords,Mel Bay,4.5,48,1993,1,1,Unknown Publisher,Unknown Language
729,"The Ultimate Guitar Chord Big Book: Over 100,000 Chords!",Don Latarski,0.0,404,1998,1,1,Alfred Music,Unknown Language
730,"Complete Book of Guitar Chords, Scales, and Arpeggios",William Bay,3.94,294,1992,1,9,"Mel Bay Publications, Inc.",Unknown Language
731,Mel Bay's Guide to Guitar Chord Progression,Mike Christiansen,0.0,56,1998,2,12,"Mel Bay Publications, Inc.",Unknown Language
732,Mel Bay's Deluxe Encyclopedia of Guitar Chords,William Bay,4.53,144,1971,1,4,"Mel Bay Publications, Inc.",Unknown Language
733,Jazz Guitar Chord System: Private Lessons Series,Scott Henderson,4.75,16,1999,1,1,Musicians Institute,Unknown Language
735,The First Stage Guitar Chord Chart: Learn How to Play the Most Commonly Played Guitar Chords!,Chris Lopez,3.2,8,2006,1,1,First Stage Concepts,Unknown Language
736,Jazz Guitar Chord Workout,Corey Christiansen,0.0,23,2004,1,7,Mel Bay Publications,Unknown Language
740,The Beatles Guitar Chord Songbook: A-I (Guitar Chord Songbooks),The Beatles,4.25,232,2003,1,1,Hal Leonard,Unknown Language
741,The Compact Rock Guitar Chord Reference,Len Vogler,0.0,48,1999,1,12,Amsco Music,Unknown Language
743,The Guitar Three-Chord Songbook: Play 50 Rock Hits with Only 3 Easy Chords,Songbook,3.88,98,2002,1,8,Hal Leonard Publishing Corporation,Unknown Language
744,The Advanced Guitar Case Chord Book: Compact Reference Library,Askold Buk,3.33,68,1992,1,10,Music Sales,Unknown Language
746,Guitar Chord Guru: The Chord Book - Your Guide for Success!,Karl Aranjo,4.25,112,2000,1,2,Creative Concepts,Unknown Language
